,age,hypertension,heart_disease,bmi,HbA1c_level,blood_glucose_level,condition_count,glucose_hba1c_interaction,diabetes
age,1.0,0.25900873983074507,0.23891655388268976,0.3855946031728515,0.10537518184797819,0.11495924180469874,0.3314704237202515,0.152004430918022,0.26664886659401393
hypertension,0.25900873983074507,1.0,0.12211270098899858,0.15473176366768143,0.08051699925729312,0.08559448892147403,0.8299310748095373,0.11409000677856068,0.19906872509878096
heart_disease,0.23891655388268976,0.12211270098899858,1.0,0.07141862680521396,0.0703830949235547,0.06896615277323012,0.6550361344261241,0.09582735950887974,0.1744703105108609
bmi,0.3855946031728515,0.15473176366768143,0.07141862680521396,1.0,0.08280343107789591,0.09202065191475237,0.15793893867004657,0.12060138937970986,0.21091088461551577
HbA1c_level,0.10537518184797819,0.08051699925729312,0.0703830949235547,0.08280343107789591,1.0,0.17063447552725983,0.10085757309577234,0.6289279987190796,0.4053208654237374
blood_glucose_level,0.11495924180469874,0.08559448892147403,0.06896615277323012,0.09202065191475237,0.17063447552725983,1.0,0.10392661607191328,0.8573226094595341,0.4230106957756709
condition_count,0.3314704237202515,0.8299310748095373,0.6550361344261241,0.15793893867004657,0.10085757309577234,0.10392661607191328,1.0,0.14071805032271642,0.24961494417217137
glucose_hba1c_interaction,0.152004430918022,0.11409000677856068,0.09582735950887974,0.12060138937970986,0.6289279987190796,0.8573226094595341,0.14071805032271642,1.0,0.5684760005618243
diabetes,0.26664886659401393,0.19906872509878096,0.1744703105108609,0.21091088461551577,0.4053208654237374,0.4230106957756709,0.24961494417217137,0.5684760005618243,1.0
