,age,bmi,HbA1c_level,blood_glucose_level,condition_count,glucose_hba1c_interaction,hypertension,heart_disease,gender_Female,gender_Male,gender_Other,smoking_history_No Info,smoking_history_current,smoking_history_ever,smoking_history_former,smoking_history_never,smoking_history_not current,age_group_20_to_under_40,age_group_40_to_under_60,age_group_60_plus,age_group_under_20,bmi_group_18.5_to_under_25,bmi_group_25_to_under_30,bmi_group_30_plus,bmi_group_under_18.5
age,1.0,0.38559460317284927,0.10537518184797776,0.1149592418046999,0.3314704237202567,0.15200443091802557,0.2590087398307394,0.23891655388268998,0.027462114730218118,-0.027221297077434054,-0.008864484023736232,-0.2912829872865638,0.03147183426016435,0.06772328752057609,0.22311957924725986,0.0660462977226212,0.07117601928593206,-0.315356970579636,0.22652095542984846,0.7374022493977889,-0.7127444700067227,-0.10063545981749998,0.1784280249651207,0.1797419623823228,-0.43352911899752933
bmi,0.38559460317284927,1.0,0.08280343107789415,0.09202065191475152,0.15793893867004669,0.12060138937971236,0.1547317636676807,0.07141862680521358,0.012381424233832332,-0.012317947466302234,-0.002348222845817927,-0.24682508109716178,0.05954651089264283,0.050740690290803955,0.12077743228572795,0.09397346299373728,0.03487731114138313,0.0727660049434746,0.21943084057005519,0.13172515928319725,-0.4738253135089844,-0.4544642782618606,0.048708961675322515,0.7608652684340462,-0.5616955226116418
HbA1c_level,0.10537518184797776,0.08280343107789415,1.0,0.17063447552725725,0.10085757309577244,0.6289279987190736,0.08051699925729146,0.07038309492355531,-0.019048954236387326,0.019068018115628544,-0.0006536769898888917,-0.04317812709840211,0.0035696970103460033,0.008360348852133385,0.035301905634603135,0.010376281427916627,0.009405094951015323,-0.05601758762704573,0.010874472109356482,0.094494685606235,-0.05343560827334736,-0.037939530845984414,-0.010660406712292876,0.07249875758650379,-0.03479300907822089
blood_glucose_level,0.1149592418046999,0.09202065191475152,0.17063447552725725,1.0,0.10392661607191561,0.8573226094595311,0.08559448892147534,0.06896615277322993,-0.017346257471891387,0.017340627069878045,0.00024508451967146283,-0.04913460714533652,0.009743807978620796,0.003974428588944703,0.04371562625796231,0.011512955212458657,0.0047663743382848475,-0.05845783408501349,0.010759341378704417,0.10557706632567403,-0.06263579193776346,-0.046718585069408944,-0.010668793144313135,0.08139052961470392,-0.03521862615656867
condition_count,0.3314704237202567,0.15793893867004669,0.10085757309577244,0.10392661607191561,1.0,0.14071805032271836,0.8299310748095423,0.6550361344261244,-0.054559240374287506,0.05468719529487169,-0.004553408333320382,-0.11237659656359636,0.015860255513468476,0.038170409276042046,0.11813989803909886,0.012754979911950886,-0.00018587567912973919,-0.1614128881454477,0.008132237861649407,0.30875234850089295,-0.16690495266969066,-0.07072473360530804,0.004562889271996438,0.12624159544124033,-0.09398798212958305
glucose_hba1c_interaction,0.15200443091802557,0.12060138937971236,0.6289279987190736,0.8573226094595311,0.14071805032271836,1.0,0.11409000677856186,0.09582735950888109,-0.024185514484964903,0.02421622901149194,-0.0010678950769088503,-0.06303680155645644,0.00973931159104976,0.00789437295869023,0.05532842930487387,0.014284006426130903,0.008980364184705157,-0.07870565068274275,0.014472939174281729,0.13857835982431022,-0.08045121717791222,-0.05826565349446009,-0.01494059820435255,0.10631393172573962,-0.048335164509251925
hypertension,0.2590087398307394,0.1547317636676807,0.08051699925729146,0.08559448892147534,0.8299310748095423,0.11409000677856186,1.0,0.12211270098899858,-0.013276658820895517,0.013384853488613322,-0.0039246299161376525,-0.11150589173216983,0.01776522590348463,0.02023903948887297,0.08392531928710302,0.04188351693648088,-0.005151785068318816,-0.12725949628098523,0.03533468986992403,0.22422825781804243,-0.14392540656792654,-0.06913428783408715,-0.006608015974882363,0.1300776287671207,-0.08266901035288157
heart_disease,0.23891655388268998,0.07141862680521358,0.07038309492355531,0.06896615277322993,0.6550361344261244,0.09582735950888109,0.12211270098899858,1.0,-0.07908552536578817,0.07916663035360252,-0.0027854200049459996,-0.04890425470910517,0.0041554785336064175,0.0404975113876313,0.09651422925067074,-0.034036059065774865,0.006647101521274296,-0.11480885266879624,-0.03339050765542895,0.2456063124886437,-0.10200692797260084,-0.032190077555590585,0.017068155027371357,0.04841753831604426,-0.05524642093125851
gender_Female,0.027462114730218118,0.012381424233832332,-0.019048954236387326,-0.017346257471891387,-0.054559240374287506,-0.024185514484964903,-0.013276658820895517,-0.07908552536578817,1.0,-0.9996257807966267,-0.015943029147790343,-0.054211577847343,-0.024401892540255404,-0.011986206466173557,-0.04771290811676862,0.09841874631294993,0.008968326678645912,0.07427725166145384,0.00911745357240361,-0.008281218346402804,-0.08288204533275613,0.08848449838616713,-0.07037419574804143,0.021808524728534638,-0.04124498286530032
gender_Male,-0.027221297077434054,-0.012317947466302234,0.019068018115628544,0.017340627069878045,0.05468719529487169,0.02421622901149194,0.013384853488613322,0.07916663035360252,-0.9996257807966267,1.0,-0.01141450306707278,0.054203171008700195,0.024523382076596125,0.01206344423931382,0.04783698481811889,-0.0982594224855354,-0.009611676290573856,-0.0742457544956333,-0.00910928635004529,0.008493818442777488,0.08260783726845947,-0.08847583728713151,0.07043732936992579,-0.021845179109472215,0.0411775143164665
gender_Other,-0.008864484023736232,-0.002348222845817927,-0.0006536769898888917,0.00024508451967146283,-0.004553408333320382,-0.0010678950769088503,-0.0039246299161376525,-0.0027854200049459996,-0.015943029147790343,-0.01141450306707278,1.0,0.0004300563600799146,-0.004385384593532422,-0.0027960257339838287,-0.004427157684497436,-0.006046441952712425,0.023495201771284654,-0.001319489187022124,-0.00031917391383719885,-0.007752137342345692,0.010210468604715703,-0.0005169674360448915,-0.0021482647354375017,0.0012903899002822468,0.0025594960975798596
smoking_history_No Info,-0.2912829872865638,-0.24682508109716178,-0.04317812709840211,-0.04913460714533652,-0.11237659656359636,-0.06303680155645644,-0.11150589173216983,-0.04890425470910517,-0.054211577847343,0.054203171008700195,0.0004300563600799146,1.0,-0.23433344131778852,-0.14940590004895618,-0.2365655903919503,-0.5379785300088161,-0.19229182144920062,-0.10325820052169479,-0.13636516021233794,-0.10379063841221663,0.38182842002507367,-0.037270340835589305,0.02804962784233708,-0.17787125588562258,0.2749572741469511
smoking_history_current,0.03147183426016435,0.05954651089264283,0.0035696970103460033,0.009743807978620796,0.015860255513468476,0.00973931159104976,0.01776522590348463,0.0041554785336064175,-0.024401892540255404,0.024523382076596125,-0.004385384593532422,-0.23433344131778852,1.0,-0.06735323343589299,-0.10664543654131514,-0.24252451545293546,-0.08668650925858543,0.09150711852445169,0.08607533634539838,-0.058757085778095616,-0.13523722714406286,0.0054237523649455,0.013922402327749044,0.02915862010156604,-0.07633398017989595
smoking_history_ever,0.06772328752057609,0.050740690290803955,0.008360348852133385,0.003974428588944703,0.038170409276042046,0.00789437295869023,0.02023903948887297,0.0404975113876313,-0.011986206466173557,0.01206344423931382,-0.0027960257339838287,-0.14940590004895618,-0.06735323343589299,1.0,-0.06799480835072526,-0.15462835057350444,-0.055269430880404834,0.021115079758545978,0.043256078458844965,0.022421354560444504,-0.09698436316394939,0.0033033785513989534,-0.003975064483453326,0.03688919431099409,-0.053684533605123014
smoking_history_former,0.22311957924725986,0.12077743228572795,0.035301905634603135,0.04371562625796231,0.11813989803909886,0.05532842930487387,0.08392531928710302,0.09651422925067074,-0.04771290811676862,0.04783698481811889,-0.004427157684497436,-0.2365655903919503,-0.10664543654131514,-0.06799480835072526,1.0,-0.24483468880927037,-0.08751224377729452,-0.0665372814896324,0.02769788081293321,0.18224167438652397,-0.15624219608771062,-0.03581406383757996,-0.0012635847114688009,0.09754332452602539,-0.09214508447968159
smoking_history_never,0.0660462977226212,0.09397346299373728,0.010376281427916627,0.011512955212458657,0.012754979911950886,0.014284006426130903,0.04188351693648088,-0.034036059065774865,0.09841874631294993,-0.0982594224855354,-0.006046441952712425,-0.5379785300088161,-0.24252451545293546,-0.15462835057350444,-0.24483468880927037,1.0,-0.19901333996663978,0.07725603633388685,0.04312209729274961,-0.007797876131982837,-0.125623307788676,0.060830835595754765,-0.0511785670870144,0.07977302008513877,-0.12133314812556945
smoking_history_not current,0.07117601928593206,0.03487731114138313,0.009405094951015323,0.0047663743382848475,-0.00018587567912973919,0.008980364184705157,-0.005151785068318816,0.006647101521274296,0.008968326678645912,-0.009611676290573856,0.023495201771284654,-0.19229182144920062,-0.08668650925858543,-0.055269430880404834,-0.08751224377729452,-0.19901333996663978,1.0,0.0022867810420161157,0.007703655034567127,0.0474201974255592,-0.06270600230753938,-0.012521715109289606,0.0333148937704137,0.005412723071787707,-0.04770302044998455
age_group_20_to_under_40,-0.315356970579636,0.0727660049434746,-0.05601758762704573,-0.05845783408501349,-0.1614128881454477,-0.07870565068274275,-0.12725949628098523,-0.11480885266879624,0.07427725166145384,-0.0742457544956333,-0.001319489187022124,-0.10325820052169479,0.09150711852445169,0.021115079758545978,-0.0665372814896324,0.07725603633388685,0.0022867810420161157,1.0,-0.3818519034997058,-0.33792621996158695,-0.2924997000510127,0.05219925308204388,0.03580255983523531,0.007503694580834306,-0.15097139806268342
age_group_40_to_under_60,0.22652095542984846,0.21943084057005519,0.010874472109356482,0.010759341378704417,0.008132237861649407,0.014472939174281729,0.03533468986992403,-0.03339050765542895,0.00911745357240361,-0.00910928635004529,-0.00031917391383719885,-0.13636516021233794,0.08607533634539838,0.043256078458844965,0.02769788081293321,0.04312209729274961,0.007703655034567127,-0.3818519034997058,1.0,-0.3730143892620878,-0.3228710603938181,-0.07673861307904618,0.051599137167312514,0.137963631968059,-0.18476360735585914
age_group_60_plus,0.7374022493977889,0.13172515928319725,0.094494685606235,0.10557706632567403,0.30875234850089295,0.13857835982431022,0.22422825781804243,0.2456063124886437,-0.008281218346402804,0.008493818442777488,-0.007752137342345692,-0.10379063841221663,-0.058757085778095616,0.022421354560444504,0.18224167438652397,-0.007797876131982837,0.0474201974255592,-0.33792621996158695,-0.3730143892620878,1.0,-0.2857301377154375,-0.05835895005888716,0.0927595863532881,0.050746800541663376,-0.15194438691943932
age_group_under_20,-0.7127444700067227,-0.4738253135089844,-0.05343560827334736,-0.06263579193776346,-0.16690495266969066,-0.08045121717791222,-0.14392540656792654,-0.10200692797260084,-0.08288204533275613,0.08260783726845947,0.010210468604715703,0.38182842002507367,-0.13523722714406286,-0.09698436316394939,-0.15624219608771062,-0.125623307788676,-0.06270600230753938,-0.2924997000510127,-0.3228710603938181,-0.2857301377154375,1.0,0.09391946204140256,-0.19884366313739535,-0.22124250389120223,0.5417340920278182
bmi_group_18.5_to_under_25,-0.10063545981749998,-0.4544642782618606,-0.037939530845984414,-0.046718585069408944,-0.07072473360530804,-0.05826565349446009,-0.06913428783408715,-0.032190077555590585,0.08848449838616713,-0.08847583728713151,-0.0005169674360448915,-0.037270340835589305,0.0054237523649455,0.0033033785513989534,-0.03581406383757996,0.060830835595754765,-0.012521715109289606,0.05219925308204388,-0.07673861307904618,-0.05835895005888716,0.09391946204140256,1.0,-0.48119894119762546,-0.3113712225916692,-0.17089817443578018
bmi_group_25_to_under_30,0.1784280249651207,0.048708961675322515,-0.010660406712292876,-0.010668793144313135,0.004562889271996438,-0.01494059820435255,-0.006608015974882363,0.017068155027371357,-0.07037419574804143,0.07043732936992579,-0.0021482647354375017,0.02804962784233708,0.013922402327749044,-0.003975064483453326,-0.0012635847114688009,-0.0511785670870144,0.0333148937704137,0.03580255983523531,0.051599137167312514,0.0927595863532881,-0.19884366313739535,-0.48119894119762546,1.0,-0.5004218323764941,-0.27465986384072827
bmi_group_30_plus,0.1797419623823228,0.7608652684340462,0.07249875758650379,0.08139052961470392,0.12624159544124033,0.10631393172573962,0.1300776287671207,0.04841753831604426,0.021808524728534638,-0.021845179109472215,0.0012903899002822468,-0.17787125588562258,0.02915862010156604,0.03688919431099409,0.09754332452602539,0.07977302008513877,0.005412723071787707,0.007503694580834306,0.137963631968059,0.050746800541663376,-0.22124250389120223,-0.3113712225916692,-0.5004218323764941,1.0,-0.17772519903743186
bmi_group_under_18.5,-0.43352911899752933,-0.5616955226116418,-0.03479300907822089,-0.03521862615656867,-0.09398798212958305,-0.048335164509251925,-0.08266901035288157,-0.05524642093125851,-0.04124498286530032,0.0411775143164665,0.0025594960975798596,0.2749572741469511,-0.07633398017989595,-0.053684533605123014,-0.09214508447968159,-0.12133314812556945,-0.04770302044998455,-0.15097139806268342,-0.18476360735585914,-0.15194438691943932,0.5417340920278182,-0.17089817443578018,-0.27465986384072827,-0.17772519903743186,1.0
